{"cameraMode":{"drawMode":0,"name":"Shaded","section":"Shading Mode"},"sceneLighting":true,"audioPlay":false,"sceneViewState":{"m_AlwaysRefresh":false,"showFog":true,"showSkybox":true,"showFlares":true,"showImageEffects":true,"showParticleSystems":true,"showVisualEffectGraphs":true,"m_FxEnabled":true},"in2DMode":false,"pivot":{"x":-206.4429931640625,"y":132.18487548828126,"z":-344.1098937988281},"rotation":{"x":0.009540902450680733,"y":-0.9904250502586365,"z":0.10287564247846604,"w":0.09180294722318649},"size":27.81267547607422,"orthographic":false}