{"cameraMode":{"drawMode":0,"name":"Shaded","section":"Shading Mode"},"sceneLighting":true,"audioPlay":false,"sceneViewState":{"m_AlwaysRefresh":false,"showFog":true,"showSkybox":true,"showFlares":true,"showImageEffects":true,"showParticleSystems":true,"showVisualEffectGraphs":true,"m_FxEnabled":true},"in2DMode":false,"pivot":{"x":-16.576623916625978,"y":10.607549667358399,"z":-42.297611236572269},"rotation":{"x":0.06524644047021866,"y":0.4432166516780853,"z":-0.03236744925379753,"w":0.8934528231620789},"size":9.981707572937012,"orthographic":false}