{"cameraMode":{"drawMode":0,"name":"Shaded","section":"Shading Mode"},"sceneLighting":true,"audioPlay":false,"sceneViewState":{"m_AlwaysRefresh":false,"showFog":true,"showSkybox":true,"showFlares":true,"showImageEffects":true,"showParticleSystems":true,"showVisualEffectGraphs":true,"m_FxEnabled":true},"in2DMode":false,"pivot":{"x":-54.53461456298828,"y":10.283415794372559,"z":-24.858718872070314},"rotation":{"x":0.06709649413824082,"y":-0.4052932858467102,"z":0.029842816293239595,"w":0.911233127117157},"size":4.741070747375488,"orthographic":true}