{"cameraMode":{"drawMode":0,"name":"Shaded","section":"Shading Mode"},"sceneLighting":true,"audioPlay":false,"sceneViewState":{"m_AlwaysRefresh":false,"showFog":true,"showSkybox":true,"showFlares":true,"showImageEffects":true,"showParticleSystems":true,"showVisualEffectGraphs":true,"m_FxEnabled":true},"in2DMode":false,"pivot":{"x":-18.893381118774415,"y":12.514440536499024,"z":-39.998382568359378},"rotation":{"x":0.24001775681972505,"y":0.2101917713880539,"z":-0.053306031972169879,"w":0.9462555050849915},"size":9.495774269104004,"orthographic":false}