{"cameraMode":{"drawMode":0,"name":"Shaded","section":"Shading Mode"},"sceneLighting":true,"audioPlay":false,"sceneViewState":{"m_AlwaysRefresh":false,"showFog":true,"showSkybox":true,"showFlares":true,"showImageEffects":true,"showParticleSystems":true,"showVisualEffectGraphs":true,"m_FxEnabled":true},"in2DMode":false,"pivot":{"x":-31.692535400390626,"y":7.978216648101807,"z":-21.380403518676759},"rotation":{"x":0.1039334163069725,"y":0.06909076124429703,"z":-0.007236318662762642,"w":0.992202877998352},"size":0.8660253882408142,"orthographic":false}