{"cameraMode":{"drawMode":0,"name":"Shaded","section":"Shading Mode"},"sceneLighting":true,"audioPlay":false,"sceneViewState":{"m_AlwaysRefresh":false,"showFog":true,"showSkybox":true,"showFlares":true,"showImageEffects":true,"showParticleSystems":true,"showVisualEffectGraphs":true,"m_FxEnabled":true},"in2DMode":false,"pivot":{"x":-205.1373291015625,"y":131.61512756347657,"z":-320.5737609863281},"rotation":{"x":0.0030098618008196356,"y":-0.9969887733459473,"z":0.0538896843791008,"w":0.055686112493276599},"size":19.203081130981447,"orthographic":false}