{"cameraMode":{"drawMode":0,"name":"Shaded","section":"Shading Mode"},"sceneLighting":true,"audioPlay":false,"sceneViewState":{"m_AlwaysRefresh":false,"showFog":true,"showSkybox":true,"showFlares":true,"showImageEffects":true,"showParticleSystems":true,"showVisualEffectGraphs":true,"m_FxEnabled":true},"in2DMode":false,"pivot":{"x":-198.38613891601563,"y":140.95252990722657,"z":-301.2222595214844},"rotation":{"x":-0.030791355296969415,"y":0.9617663621902466,"z":-0.2433459758758545,"w":-0.12202733010053635},"size":6.940968990325928,"orthographic":false}