{"cameraMode":{"drawMode":0,"name":"Shaded","section":"Shading Mode"},"sceneLighting":true,"audioPlay":false,"sceneViewState":{"m_AlwaysRefresh":false,"showFog":true,"showSkybox":true,"showFlares":true,"showImageEffects":true,"showParticleSystems":true,"showVisualEffectGraphs":true,"m_FxEnabled":true},"in2DMode":false,"pivot":{"x":2.8712456226348879,"y":2.1406471729278566,"z":0.5755653381347656},"rotation":{"x":0.013700271025300026,"y":-0.9459031820297241,"z":0.32168257236480715,"w":0.04033134505152702},"size":4.480865478515625,"orthographic":false}